c1279208004b1200,IC000124,2021-09-02 09:20:52,22.125,198877
c1279208004b1200,IC000124,2021-09-02 09:22:52,22.1875,210107
c1279208004b1200,IC000124,2021-09-02 09:24:51,22.125,214945
c1279208004b1200,IC000124,2021-09-02 09:26:50,22.125,217444
c1279208004b1200,IC000124,2021-09-02 09:28:50,22.1875,220000
c1279208004b1200,IC000124,2021-09-02 09:30:49,22.1875,220000
c1279208004b1200,IC000124,2021-09-02 09:32:49,22.1875,220000
c1279208004b1200,IC000124,2021-09-02 09:34:48,22.25,220000
c1279208004b1200,IC000124,2021-09-02 09:36:47,22.3125,183113
c1279208004b1200,IC000124,2021-09-02 09:38:47,22.25,184952
c1279208004b1200,IC000124,2021-09-02 09:40:46,22.125,186826
c1279208004b1200,IC000124,2021-09-02 09:42:45,22.125,186826
c1279208004b1200,IC000124,2021-09-02 09:44:45,22.1875,188737
c1279208004b1200,IC000124,2021-09-02 09:46:44,22.1875,188737
c1279208004b1200,IC000124,2021-09-02 09:48:43,22.1875,188737
c1279208004b1200,IC000124,2021-09-02 09:50:43,22.125,188737
c1279208004b1200,IC000124,2021-09-02 09:52:42,22.1875,188737
c1279208004b1200,IC000124,2021-09-02 09:54:41,22.1875,188737
c1279208004b1200,IC000124,2021-09-02 09:56:41,22.1875,190686
c1279208004b1200,IC000124,2021-09-02 09:58:40,22.125,190686
c1279208004b1200,IC000124,2021-09-02 10:00:40,22.125,190686
c1279208004b1200,IC000124,2021-09-02 10:02:39,22.125,190686
c1279208004b1200,IC000124,2021-09-02 10:04:38,22.125,190686
c1279208004b1200,IC000124,2021-09-02 10:06:38,22.125,190686
c1279208004b1200,IC000124,2021-09-02 10:08:37,22.125,190686
c1279208004b1200,IC000124,2021-09-02 10:10:36,22.125,190686
c1279208004b1200,IC000124,2021-09-02 10:12:36,22.0625,190686
c1279208004b1200,IC000124,2021-09-02 10:14:35,22.125,190686
c1279208004b1200,IC000124,2021-09-02 10:16:34,22.0625,190686
c1279208004b1200,IC000124,2021-09-02 10:18:34,22.125,190686
c1279208004b1200,IC000124,2021-09-02 10:20:33,22.125,190686
c1279208004b1200,IC000124,2021-09-02 10:22:32,22.125,190686
c1279208004b1200,IC000124,2021-09-02 10:24:32,22.125,190686
c1279208004b1200,IC000124,2021-09-02 10:26:31,22.0625,190686
c1279208004b1200,IC000124,2021-09-02 10:28:30,22.0625,190686
c1279208004b1200,IC000124,2021-09-02 10:30:30,22.125,190686
c1279208004b1200,IC000124,2021-09-02 10:32:29,22.125,190686
c1279208004b1200,IC000124,2021-09-02 10:34:29,22.0625,188737
c1279208004b1200,IC000124,2021-09-02 10:36:28,22.0625,190686
c1279208004b1200,IC000124,2021-09-02 10:38:27,22.0625,188737
c1279208004b1200,IC000124,2021-09-02 10:40:27,22.125,188737
c1279208004b1200,IC000124,2021-09-02 10:42:26,22.125,188737
c1279208004b1200,IC000124,2021-09-02 10:44:25,22.0625,188737
c1279208004b1200,IC000124,2021-09-02 10:44:25,22.0625,188737
c1279208004b1200,IC000124,2021-09-02 10:46:25,22.0625,188737
c1279208004b1200,IC000124,2021-09-02 10:48:24,22.0625,188737
c1279208004b1200,IC000124,2021-09-02 10:50:23,22.0625,188737
c1279208004b1200,IC000124,2021-09-02 10:52:23,22.125,188737
c1279208004b1200,IC000124,2021-09-02 10:54:22,22.125,188737
c1279208004b1200,IC000124,2021-09-02 10:56:22,22.125,188737
c1279208004b1200,IC000124,2021-09-02 10:58:21,22.0625,188737
c1279208004b1200,IC000124,2021-09-02 11:00:20,22.125,186826
c1279208004b1200,IC000124,2021-09-02 11:02:20,22.1875,0
c1279208004b1200,IC000124,2021-09-02 11:04:19,23.5,184952
c1279208004b1200,IC000124,2021-09-02 11:06:18,22.875,183113
c1279208004b1200,IC000124,2021-09-02 11:08:18,22.3125,183113
c1279208004b1200,IC000124,2021-09-02 11:10:17,22.0625,183113
c1279208004b1200,IC000124,2021-09-02 11:12:16,21.9375,183113
c1279208004b1200,IC000124,2021-09-02 11:14:15,21.875,183113
c1279208004b1200,IC000124,2021-09-02 11:16:14,21.875,183113
c1279208004b1200,IC000124,2021-09-02 11:18:14,21.8125,183113
c1279208004b1200,IC000124,2021-09-02 11:20:13,21.8125,183113
c1279208004b1200,IC000124,2021-09-02 11:22:12,21.8125,183113
c1279208004b1200,IC000124,2021-09-02 11:24:13,21.8125,183113
c1279208004b1200,IC000124,2021-09-02 11:26:12,21.875,183113
c1279208004b1200,IC000124,2021-09-02 11:28:12,21.875,183113
c1279208004b1200,IC000124,2021-09-02 11:30:11,21.875,183113
c1279208004b1200,IC000124,2021-09-02 11:32:10,21.8125,183113
c1279208004b1200,IC000124,2021-09-02 11:34:10,21.8125,181308
c1279208004b1200,IC000124,2021-09-02 11:36:09,21.75,183113
c1279208004b1200,IC000124,2021-09-02 11:38:08,21.8125,181308
c1279208004b1200,IC000124,2021-09-02 11:40:08,21.9375,124671
c1279208004b1200,IC000124,2021-09-02 11:42:07,21.875,93908
c1279208004b1200,IC000124,2021-09-02 11:44:06,21.8125,85209
c1279208004b1200,IC000124,2021-09-02 11:46:06,21.8125,80176
c1279208004b1200,IC000124,2021-09-02 11:48:05,21.8125,76737
c1279208004b1200,IC000124,2021-09-02 11:50:05,21.75,74586
c1279208004b1200,IC000124,2021-09-02 11:52:04,21.8125,72874
c1279208004b1200,IC000124,2021-09-02 11:54:03,21.8125,71230
c1279208004b1200,IC000124,2021-09-02 11:56:03,21.6875,70274
c1279208004b1200,IC000124,2021-09-02 11:58:02,21.75,69341
c1279208004b1200,IC000124,2021-09-02 12:00:02,21.8125,68730
c1279208004b1200,IC000124,2021-09-02 12:00:02,21.8125,68730
c1279208004b1200,IC000124,2021-09-02 12:02:01,21.8125,67832
c1279208004b1200,IC000124,2021-09-02 12:04:00,21.8125,67537
c1279208004b1200,IC000124,2021-09-02 12:06:00,21.8125,66666
c1279208004b1200,IC000124,2021-09-02 12:07:59,21.875,66380
c1279208004b1200,IC000124,2021-09-02 12:09:58,21.875,66096
c1279208004b1200,IC000124,2021-09-02 12:11:58,21.8125,65814
c1279208004b1200,IC000124,2021-09-02 12:13:57,21.8125,65257
c1279208004b1200,IC000124,2021-09-02 12:15:57,21.8125,64981
c1279208004b1200,IC000124,2021-09-02 12:17:56,21.75,64708
c1279208004b1200,IC000124,2021-09-02 12:19:55,21.8125,64436
c1279208004b1200,IC000124,2021-09-02 12:21:55,21.8125,64166
c1279208004b1200,IC000124,2021-09-02 12:23:54,21.75,63898
c1279208004b1200,IC000124,2021-09-02 12:25:54,21.75,63898
c1279208004b1200,IC000124,2021-09-02 12:27:53,21.8125,63633
c1279208004b1200,IC000124,2021-09-02 12:29:52,21.8125,63369
c1279208004b1200,IC000124,2021-09-02 12:31:52,21.8125,63369
c1279208004b1200,IC000124,2021-09-02 12:33:51,21.75,63107
c1279208004b1200,IC000124,2021-09-02 12:35:50,21.75,62846
c1279208004b1200,IC000124,2021-09-02 12:37:50,21.6875,62846
c1279208004b1200,IC000124,2021-09-02 12:39:49,21.75,62588
c1279208004b1200,IC000124,2021-09-02 12:41:49,21.75,62332
c1279208004b1200,IC000124,2021-09-02 12:43:48,21.75,62332
c1279208004b1200,IC000124,2021-09-02 12:45:47,21.75,62077
c1279208004b1200,IC000124,2021-09-02 12:47:47,21.75,62077
c1279208004b1200,IC000124,2021-09-02 12:49:46,21.8125,61824
c1279208004b1200,IC000124,2021-09-02 12:51:45,21.8125,61573
c1279208004b1200,IC000124,2021-09-02 12:53:45,21.75,61573
c1279208004b1200,IC000124,2021-09-02 12:55:44,21.75,61573
c1279208004b1200,IC000124,2021-09-02 12:57:44,21.75,61573
c1279208004b1200,IC000124,2021-09-02 12:59:43,21.8125,61324
c1279208004b1200,IC000124,2021-09-02 13:01:42,21.75,61076
c1279208004b1200,IC000124,2021-09-02 13:03:42,21.75,61076
c1279208004b1200,IC000124,2021-09-02 13:05:41,21.8125,60830
c1279208004b1200,IC000124,2021-09-02 13:07:41,21.8125,60830
c1279208004b1200,IC000124,2021-09-02 13:09:40,21.75,60830
c1279208004b1200,IC000124,2021-09-02 13:11:39,21.75,60586
c1279208004b1200,IC000124,2021-09-02 13:13:39,21.75,60586
c1279208004b1200,IC000124,2021-09-02 13:15:38,21.8125,60586
c1279208004b1200,IC000124,2021-09-02 13:17:37,21.75,60586
c1279208004b1200,IC000124,2021-09-02 13:19:37,21.875,60343
c1279208004b1200,IC000124,2021-09-02 13:21:36,21.875,60343
c1279208004b1200,IC000124,2021-09-02 13:23:36,21.875,60102
c1279208004b1200,IC000124,2021-09-02 13:25:35,21.8125,60102
c1279208004b1200,IC000124,2021-09-02 13:27:34,21.875,60102
c1279208004b1200,IC000124,2021-09-02 13:29:34,21.8125,60102
c1279208004b1200,IC000124,2021-09-02 13:31:33,21.875,59863
c1279208004b1200,IC000124,2021-09-02 13:33:32,21.875,59863
c1279208004b1200,IC000124,2021-09-02 13:35:32,21.875,59863
c1279208004b1200,IC000124,2021-09-02 13:37:31,21.875,59863
c1279208004b1200,IC000124,2021-09-02 13:39:30,21.875,59625
c1279208004b1200,IC000124,2021-09-02 13:41:30,21.875,59625
c1279208004b1200,IC000124,2021-09-02 13:43:29,21.8125,59625
c1279208004b1200,IC000124,2021-09-02 13:45:29,22.0,57781
c1279208004b1200,IC000124,2021-09-02 13:47:28,22.0625,49333
c1279208004b1200,IC000124,2021-09-02 13:49:27,21.9375,47661
c1279208004b1200,IC000124,2021-09-02 13:51:27,21.9375,46703
c1279208004b1200,IC000124,2021-09-02 13:53:26,21.9375,45776
c1279208004b1200,IC000124,2021-09-02 13:55:26,21.8125,45175
c1279208004b1200,IC000124,2021-09-02 13:57:25,21.8125,44586
c1279208004b1200,IC000124,2021-09-02 13:59:24,21.8125,44153
c1279208004b1200,IC000124,2021-09-02 14:01:24,21.8125,43727
c1279208004b1200,IC000124,2021-09-02 14:03:23,21.8125,43307
c1279208004b1200,IC000124,2021-09-02 14:05:23,21.8125,42894
c1279208004b1200,IC000124,2021-09-02 14:07:22,21.8125,42757
c1279208004b1200,IC000124,2021-09-02 14:09:21,21.8125,42487
c1279208004b1200,IC000124,2021-09-02 14:11:21,21.75,42219
c1279208004b1200,IC000124,2021-09-02 14:13:20,21.75,41954
c1279208004b1200,IC000124,2021-09-02 14:15:20,21.75,41822
c1279208004b1200,IC000124,2021-09-02 14:17:19,21.75,41561
c1279208004b1200,IC000124,2021-09-02 14:19:18,21.875,41432
c1279208004b1200,IC000124,2021-09-02 14:21:18,21.8125,41175
c1279208004b1200,IC000124,2021-09-02 14:23:17,21.8125,41047
c1279208004b1200,IC000124,2021-09-02 14:25:17,21.8125,40794
c1279208004b1200,IC000124,2021-09-02 14:27:16,21.8125,40668
c1279208004b1200,IC000124,2021-09-02 14:29:15,21.75,40543
c1279208004b1200,IC000124,2021-09-02 14:31:15,21.75,40294
c1279208004b1200,IC000124,2021-09-02 14:33:14,21.8125,40171
c1279208004b1200,IC000124,2021-09-02 14:35:13,21.8125,39926
c1279208004b1200,IC000124,2021-09-02 14:37:13,21.8125,39805
c1279208004b1200,IC000124,2021-09-02 14:39:12,21.875,39564
c1279208004b1200,IC000124,2021-09-02 14:41:12,21.9375,39444
c1279208004b1200,IC000124,2021-09-02 14:43:11,21.875,39325
c1279208004b1200,IC000124,2021-09-02 14:45:10,21.8125,39206
c1279208004b1200,IC000124,2021-09-02 14:47:10,21.8125,38971
c1279208004b1200,IC000124,2021-09-02 14:49:09,21.875,38971
c1279208004b1200,IC000124,2021-09-02 14:51:08,21.8125,38738
c1279208004b1200,IC000124,2021-09-02 14:53:08,21.8125,38622
c1279208004b1200,IC000124,2021-09-02 14:55:07,21.75,38507
c1279208004b1200,IC000124,2021-09-02 14:57:07,21.75,38392
c1279208004b1200,IC000124,2021-09-02 14:59:06,21.75,38278
c1279208004b1200,IC000124,2021-09-02 15:01:05,21.75,38164
c1279208004b1200,IC000124,2021-09-02 15:03:05,21.8125,38051
c1279208004b1200,IC000124,2021-09-02 15:05:04,21.8125,37939
c1279208004b1200,IC000124,2021-09-02 15:07:04,21.875,37715
c1279208004b1200,IC000124,2021-09-02 15:09:03,21.875,37604
c1279208004b1200,IC000124,2021-09-02 15:11:02,21.75,37604
c1279208004b1200,IC000124,2021-09-02 15:13:02,21.8125,37384
c1279208004b1200,IC000124,2021-09-02 15:15:01,21.8125,37274
c1279208004b1200,IC000124,2021-09-02 15:17:00,21.875,37165
c1279208004b1200,IC000124,2021-09-02 15:19:00,21.875,37165
c1279208004b1200,IC000124,2021-09-02 15:20:59,21.8125,36949
c1279208004b1200,IC000124,2021-09-02 15:22:59,21.875,36842
c1279208004b1200,IC000124,2021-09-02 15:24:57,21.8125,36735
c1279208004b1200,IC000124,2021-09-02 15:26:56,21.8125,36735
c1279208004b1200,IC000124,2021-09-02 15:28:56,21.875,36628
c1279208004b1200,IC000124,2021-09-02 15:30:55,21.875,36522
c1279208004b1200,IC000124,2021-09-02 15:32:54,21.875,36417
c1279208004b1200,IC000124,2021-09-02 15:34:54,21.9375,36312
c1279208004b1200,IC000124,2021-09-02 15:36:53,21.875,36207
c1279208004b1200,IC000124,2021-09-02 15:38:54,21.9375,36103
c1279208004b1200,IC000124,2021-09-02 15:40:53,21.9375,36000
c1279208004b1200,IC000124,2021-09-02 15:42:52,21.9375,35896
c1279208004b1200,IC000124,2021-09-02 15:44:52,21.9375,35794
c1279208004b1200,IC000124,2021-09-02 15:46:51,21.875,35794
c1279208004b1200,IC000124,2021-09-02 15:48:50,21.9375,35691
c1279208004b1200,IC000124,2021-09-02 15:50:50,21.875,35590
c1279208004b1200,IC000124,2021-09-02 15:52:49,21.875,35488
c1279208004b1200,IC000124,2021-09-02 15:54:49,21.9375,35388
c1279208004b1200,IC000124,2021-09-02 15:56:48,21.875,35388
c1279208004b1200,IC000124,2021-09-02 15:56:48,21.875,35388
c1279208004b1200,IC000124,2021-09-02 15:58:47,21.875,35287
c1279208004b1200,IC000124,2021-09-02 16:00:47,21.875,35187
c1279208004b1200,IC000124,2021-09-02 16:02:46,21.8125,35187
c1279208004b1200,IC000124,2021-09-02 16:04:45,21.8125,34989
c1279208004b1200,IC000124,2021-09-02 16:06:45,21.8125,34989
c1279208004b1200,IC000124,2021-09-02 16:08:44,21.875,34890
c1279208004b1200,IC000124,2021-09-02 16:10:44,22.0,34792
c1279208004b1200,IC000124,2021-09-02 16:12:43,21.9375,34694
c1279208004b1200,IC000124,2021-09-02 16:14:42,22.0,34596
c1279208004b1200,IC000124,2021-09-02 16:16:42,22.0625,33004
c1279208004b1200,IC000124,2021-09-02 16:18:41,22.125,32293
c1279208004b1200,IC000124,2021-09-02 16:20:40,22.0625,31860
c1279208004b1200,IC000124,2021-09-02 16:22:40,22.0625,31521
c1279208004b1200,IC000124,2021-09-02 16:24:39,22.0625,31270
c1279208004b1200,IC000124,2021-09-02 16:26:39,22.0,31104
c1279208004b1200,IC000124,2021-09-02 16:28:38,21.9375,30939
c1279208004b1200,IC000124,2021-09-02 16:30:37,22.0,30776
c1279208004b1200,IC000124,2021-09-02 16:32:37,21.9375,30695
c1279208004b1200,IC000124,2021-09-02 16:34:36,21.9375,30534
c1279208004b1200,IC000124,2021-09-02 16:36:35,22.0,30454
c1279208004b1200,IC000124,2021-09-02 16:38:35,21.9375,30374
c1279208004b1200,IC000124,2021-09-02 16:40:34,21.9375,30295
c1279208004b1200,IC000124,2021-09-02 16:42:34,22.0,30216
c1279208004b1200,IC000124,2021-09-02 16:44:33,22.0625,30137
c1279208004b1200,IC000124,2021-09-02 16:46:53,22.0625,30058
c1279208004b1200,IC000124,2021-09-02 16:48:53,22.0625,29980
c1279208004b1200,IC000124,2021-09-02 16:50:52,22.0625,29902
c1279208004b1200,IC000124,2021-09-02 16:52:51,22.0625,29902
c1279208004b1200,IC000124,2021-09-02 16:54:51,22.0625,29824
c1279208004b1200,IC000124,2021-09-02 16:56:50,22.0625,29747
c1279208004b1200,IC000124,2021-09-02 16:58:49,22.0625,29670
c1279208004b1200,IC000124,2021-09-02 17:00:49,22.0625,29670
c1279208004b1200,IC000124,2021-09-02 17:02:48,22.0625,29593
c1279208004b1200,IC000124,2021-09-02 17:04:48,22.0,29517
c1279208004b1200,IC000124,2021-09-02 17:06:47,22.0,29441
c1279208004b1200,IC000124,2021-09-02 17:08:46,21.9375,29441
c1279208004b1200,IC000124,2021-09-02 17:08:46,21.9375,29441
c1279208004b1200,IC000124,2021-09-02 17:10:46,21.9375,29441
c1279208004b1200,IC000124,2021-09-02 17:12:45,21.9375,29365
c1279208004b1200,IC000124,2021-09-02 17:14:44,21.875,29289
c1279208004b1200,IC000124,2021-09-02 17:16:44,21.875,29289
c1279208004b1200,IC000124,2021-09-02 17:18:43,21.875,29214
c1279208004b1200,IC000124,2021-09-02 17:20:43,21.75,29139
c1279208004b1200,IC000124,2021-09-02 17:22:42,21.75,29139
c1279208004b1200,IC000124,2021-09-02 17:24:41,21.8125,29064
c1279208004b1200,IC000124,2021-09-02 17:26:41,21.8125,28990
c1279208004b1200,IC000124,2021-09-02 17:28:40,21.8125,28990
c1279208004b1200,IC000124,2021-09-02 17:30:39,21.8125,28916
c1279208004b1200,IC000124,2021-09-02 17:32:39,21.8125,28842
c1279208004b1200,IC000124,2021-09-02 17:34:38,21.8125,28842
c1279208004b1200,IC000124,2021-09-02 17:36:38,21.8125,28768
c1279208004b1200,IC000124,2021-09-02 17:38:37,21.8125,28695
c1279208004b1200,IC000124,2021-09-02 17:40:36,21.75,28695
c1279208004b1200,IC000124,2021-09-02 17:42:36,21.75,28622
c1279208004b1200,IC000124,2021-09-02 17:44:35,21.8125,28549
c1279208004b1200,IC000124,2021-09-02 17:46:34,21.875,28549
c1279208004b1200,IC000124,2021-09-02 17:48:34,21.875,28477
c1279208004b1200,IC000124,2021-09-02 17:50:33,21.9375,28405
c1279208004b1200,IC000124,2021-09-02 17:52:33,21.875,28333
c1279208004b1200,IC000124,2021-09-02 17:54:32,21.8125,28333
c1279208004b1200,IC000124,2021-09-02 17:56:31,21.75,28261
c1279208004b1200,IC000124,2021-09-02 17:58:31,21.75,28261
c1279208004b1200,IC000124,2021-09-02 18:00:30,21.8125,28190
c1279208004b1200,IC000124,2021-09-02 18:02:30,21.875,28119
c1279208004b1200,IC000124,2021-09-02 18:04:29,21.8125,28048
c1279208004b1200,IC000124,2021-09-02 18:06:28,21.8125,28048
c1279208004b1200,IC000124,2021-09-02 18:08:28,21.8125,27977
c1279208004b1200,IC000124,2021-09-02 18:10:27,21.875,27977
c1279208004b1200,IC000124,2021-09-02 18:12:26,21.8125,27907
c1279208004b1200,IC000124,2021-09-02 18:14:26,21.8125,27837
c1279208004b1200,IC000124,2021-09-02 18:16:25,21.9375,27767
c1279208004b1200,IC000124,2021-09-02 18:18:25,21.9375,27767
c1279208004b1200,IC000124,2021-09-02 18:20:24,21.875,27697
c1279208004b1200,IC000124,2021-09-02 18:22:23,21.9375,27354
c1279208004b1200,IC000124,2021-09-02 18:24:23,21.9375,26488
c1279208004b1200,IC000124,2021-09-02 18:26:22,21.9375,26102
c1279208004b1200,IC000124,2021-09-02 18:28:21,21.875,25849
c1279208004b1200,IC000124,2021-09-02 18:30:21,21.8125,25724
c1279208004b1200,IC000124,2021-09-02 18:32:20,21.875,25600
c1279208004b1200,IC000124,2021-09-02 18:34:20,21.8125,25538
c1279208004b1200,IC000124,2021-09-02 18:36:19,21.75,25538
c1279208004b1200,IC000124,2021-09-02 18:38:18,21.75,25476
c1279208004b1200,IC000124,2021-09-02 18:40:18,21.75,25415
c1279208004b1200,IC000124,2021-09-02 18:42:17,21.8125,25415
c1279208004b1200,IC000124,2021-09-02 18:44:17,21.75,25354
c1279208004b1200,IC000124,2021-09-02 18:46:16,21.75,25354
c1279208004b1200,IC000124,2021-09-02 18:48:15,21.75,25293
c1279208004b1200,IC000124,2021-09-02 18:50:15,21.75,25293
c1279208004b1200,IC000124,2021-09-02 18:52:14,21.8125,25232
c1279208004b1200,IC000124,2021-09-02 18:54:13,21.8125,25232
c1279208004b1200,IC000124,2021-09-02 18:56:13,21.8125,25171
c1279208004b1200,IC000124,2021-09-02 18:58:12,21.75,25171
c1279208004b1200,IC000124,2021-09-02 19:00:12,21.6875,25111
c1279208004b1200,IC000124,2021-09-02 19:02:11,21.6875,25111
c1279208004b1200,IC000124,2021-09-02 19:04:11,21.625,25111
c1279208004b1200,IC000124,2021-09-02 19:06:10,21.6875,25051
c1279208004b1200,IC000124,2021-09-02 19:08:09,21.6875,24991
c1279208004b1200,IC000124,2021-09-02 19:10:09,21.625,24991
c1279208004b1200,IC000124,2021-09-02 19:12:08,21.6875,24991
c1279208004b1200,IC000124,2021-09-02 19:14:08,21.75,24931
c1279208004b1200,IC000124,2021-09-02 19:16:07,21.75,24872
c1279208004b1200,IC000124,2021-09-02 19:18:06,21.75,24872
c1279208004b1200,IC000124,2021-09-02 19:20:06,21.6875,24812
c1279208004b1200,IC000124,2021-09-02 19:22:05,21.75,24812
c1279208004b1200,IC000124,2021-09-02 19:24:04,21.75,24753
c1279208004b1200,IC000124,2021-09-02 19:26:04,21.75,24694
c1279208004b1200,IC000124,2021-09-02 19:28:03,21.75,24694
c1279208004b1200,IC000124,2021-09-02 19:30:03,21.6875,24694
c1279208004b1200,IC000124,2021-09-02 19:32:02,21.6875,24636
c1279208004b1200,IC000124,2021-09-02 19:34:01,21.6875,24636
c1279208004b1200,IC000124,2021-09-02 19:36:01,21.6875,24577
c1279208004b1200,IC000124,2021-09-02 19:38:00,21.6875,24577
c1279208004b1200,IC000124,2021-09-02 19:39:58,21.6875,24519
c1279208004b1200,IC000124,2021-09-02 19:41:58,21.75,24519
c1279208004b1200,IC000124,2021-09-02 19:43:57,21.75,24461
c1279208004b1200,IC000124,2021-09-02 19:45:56,21.75,24461
c1279208004b1200,IC000124,2021-09-02 19:47:56,21.75,24403
c1279208004b1200,IC000124,2021-09-02 19:49:55,21.75,24403
c1279208004b1200,IC000124,2021-09-02 19:51:55,21.8125,24345
c1279208004b1200,IC000124,2021-09-02 19:53:55,21.8125,24345
c1279208004b1200,IC000124,2021-09-02 19:55:54,21.6875,24345
c1279208004b1200,IC000124,2021-09-02 19:57:54,21.6875,24288
c1279208004b1200,IC000124,2021-09-02 19:59:53,21.6875,24288
c1279208004b1200,IC000124,2021-09-02 20:01:52,21.6875,24288
c1279208004b1200,IC000124,2021-09-02 20:03:52,21.625,24230
c1279208004b1200,IC000124,2021-09-02 20:05:51,21.6875,24230
c1279208004b1200,IC000124,2021-09-02 20:07:51,21.625,24173
c1279208004b1200,IC000124,2021-09-02 20:09:50,21.625,24173
c1279208004b1200,IC000124,2021-09-02 20:11:49,21.625,24173
c1279208004b1200,IC000124,2021-09-02 20:13:49,21.625,24116
c1279208004b1200,IC000124,2021-09-02 20:15:48,21.6875,24116
c1279208004b1200,IC000124,2021-09-02 20:17:47,21.6875,24059
c1279208004b1200,IC000124,2021-09-02 20:19:47,21.75,24059
c1279208004b1200,IC000124,2021-09-02 20:21:46,21.8125,23338
c1279208004b1200,IC000124,2021-09-02 20:23:46,21.75,22909
c1279208004b1200,IC000124,2021-09-02 20:25:45,21.6875,22699
c1279208004b1200,IC000124,2021-09-02 20:27:44,21.6875,22543
c1279208004b1200,IC000124,2021-09-02 20:29:44,21.625,22492
c1279208004b1200,IC000124,2021-09-02 20:31:43,21.6875,22389
c1279208004b1200,IC000124,2021-09-02 20:33:43,21.6875,22338
c1279208004b1200,IC000124,2021-09-02 20:35:42,21.6875,22287
c1279208004b1200,IC000124,2021-09-02 20:37:41,21.6875,22236
c1279208004b1200,IC000124,2021-09-02 20:39:41,21.6875,22236
c1279208004b1200,IC000124,2021-09-02 20:41:40,21.75,22185
c1279208004b1200,IC000124,2021-09-02 20:43:39,21.8125,22135
c1279208004b1200,IC000124,2021-09-02 20:45:39,21.75,22084
c1279208004b1200,IC000124,2021-09-02 20:47:38,21.75,22084
c1279208004b1200,IC000124,2021-09-02 20:49:38,21.8125,22034
c1279208004b1200,IC000124,2021-09-02 20:51:37,21.8125,22034
c1279208004b1200,IC000124,2021-09-02 20:53:36,21.8125,22034
c1279208004b1200,IC000124,2021-09-02 20:55:36,21.75,22034
c1279208004b1200,IC000124,2021-09-02 20:57:35,21.75,21984
c1279208004b1200,IC000124,2021-09-02 20:59:34,21.75,21984
c1279208004b1200,IC000124,2021-09-02 21:01:34,21.75,21984
c1279208004b1200,IC000124,2021-09-02 21:03:33,21.75,21934
c1279208004b1200,IC000124,2021-09-02 21:03:33,21.75,21934
c1279208004b1200,IC000124,2021-09-02 21:05:32,21.75,21934
c1279208004b1200,IC000124,2021-09-02 21:07:32,21.75,21934
c1279208004b1200,IC000124,2021-09-02 21:09:31,21.6875,21934
c1279208004b1200,IC000124,2021-09-02 21:11:31,21.6875,21934
c1279208004b1200,IC000124,2021-09-02 21:13:30,21.6875,21884
c1279208004b1200,IC000124,2021-09-02 21:15:29,21.6875,21884
c1279208004b1200,IC000124,2021-09-02 21:17:29,21.625,21884
c1279208004b1200,IC000124,2021-09-02 21:19:28,21.625,21884
c1279208004b1200,IC000124,2021-09-02 21:21:28,21.625,21835
c1279208004b1200,IC000124,2021-09-02 21:23:27,21.625,21835
c1279208004b1200,IC000124,2021-09-02 21:25:26,21.75,21835
c1279208004b1200,IC000124,2021-09-02 21:27:26,21.8125,21785
c1279208004b1200,IC000124,2021-09-02 21:29:25,21.75,21785
c1279208004b1200,IC000124,2021-09-02 21:31:24,21.75,21785
c1279208004b1200,IC000124,2021-09-02 21:33:24,21.6875,21785
c1279208004b1200,IC000124,2021-09-02 21:35:23,21.75,21785
c1279208004b1200,IC000124,2021-09-02 21:37:23,21.75,21736
c1279208004b1200,IC000124,2021-09-02 21:39:22,21.75,21736
c1279208004b1200,IC000124,2021-09-02 21:41:21,21.75,21736
c1279208004b1200,IC000124,2021-09-02 21:43:21,21.8125,21687
c1279208004b1200,IC000124,2021-09-02 21:45:20,21.8125,21687
c1279208004b1200,IC000124,2021-09-02 21:47:19,21.75,21687
c1279208004b1200,IC000124,2021-09-02 21:49:19,21.75,21687
c1279208004b1200,IC000124,2021-09-02 21:51:18,21.8125,21638
c1279208004b1200,IC000124,2021-09-02 21:53:18,21.8125,21638
c1279208004b1200,IC000124,2021-09-02 21:55:17,21.875,21638
c1279208004b1200,IC000124,2021-09-02 21:57:16,21.875,21589
c1279208004b1200,IC000124,2021-09-02 21:59:16,21.9375,21589
c1279208004b1200,IC000124,2021-09-02 22:01:15,22.0,21540
c1279208004b1200,IC000124,2021-09-02 22:03:14,21.9375,21299
c1279208004b1200,IC000124,2021-09-02 22:05:14,22.0,21204
c1279208004b1200,IC000124,2021-09-02 22:07:13,22.0,21109
c1279208004b1200,IC000124,2021-09-02 22:09:13,22.0,21015
c1279208004b1200,IC000124,2021-09-02 22:11:12,22.0,20968
c1279208004b1200,IC000124,2021-09-02 22:13:11,21.9375,20968
c1279208004b1200,IC000124,2021-09-02 22:15:11,21.9375,20921
c1279208004b1200,IC000124,2021-09-02 22:17:10,22.0,20874
c1279208004b1200,IC000124,2021-09-02 22:19:10,22.0,20874
c1279208004b1200,IC000124,2021-09-02 22:21:09,21.9375,20828
c1279208004b1200,IC000124,2021-09-02 22:23:08,21.9375,20828
c1279208004b1200,IC000124,2021-09-02 22:25:08,21.9375,20828
c1279208004b1200,IC000124,2021-09-02 22:27:07,21.9375,20828
c1279208004b1200,IC000124,2021-09-02 22:29:06,21.875,20828
c1279208004b1200,IC000124,2021-09-02 22:31:06,21.875,20781
c1279208004b1200,IC000124,2021-09-02 22:33:05,21.875,20781
c1279208004b1200,IC000124,2021-09-02 22:35:04,21.875,20781
c1279208004b1200,IC000124,2021-09-02 22:37:04,21.875,20781
c1279208004b1200,IC000124,2021-09-02 22:39:03,21.875,20735
c1279208004b1200,IC000124,2021-09-02 22:41:02,21.875,20735
c1279208004b1200,IC000124,2021-09-02 22:43:02,21.9375,20735
c1279208004b1200,IC000124,2021-09-02 22:45:01,21.875,20735
c1279208004b1200,IC000124,2021-09-02 22:47:01,21.875,20735
c1279208004b1200,IC000124,2021-09-02 22:49:00,21.875,20689
c1279208004b1200,IC000124,2021-09-02 22:50:59,21.875,20689
c1279208004b1200,IC000124,2021-09-02 22:52:59,21.875,20689
c1279208004b1200,IC000124,2021-09-02 22:54:58,21.8125,20689
c1279208004b1200,IC000124,2021-09-02 22:56:57,21.8125,20643
c1279208004b1200,IC000124,2021-09-02 22:58:57,21.8125,20643
c1279208004b1200,IC000124,2021-09-02 23:00:56,21.8125,20643
c1279208004b1200,IC000124,2021-09-02 23:02:56,21.8125,20643
c1279208004b1200,IC000124,2021-09-02 23:04:55,21.8125,20597
c1279208004b1200,IC000124,2021-09-02 23:06:54,21.8125,20597
c1279208004b1200,IC000124,2021-09-02 23:08:54,21.8125,20597
c1279208004b1200,IC000124,2021-09-02 23:10:53,21.8125,20597
c1279208004b1200,IC000124,2021-09-02 23:12:52,21.8125,20597
c1279208004b1200,IC000124,2021-09-02 23:14:52,21.8125,20552
c1279208004b1200,IC000124,2021-09-02 23:16:51,21.875,20552
c1279208004b1200,IC000124,2021-09-02 23:18:51,21.875,20552
c1279208004b1200,IC000124,2021-09-02 23:20:50,21.875,20552
c1279208004b1200,IC000124,2021-09-02 23:22:49,21.875,20552
c1279208004b1200,IC000124,2021-09-02 23:24:49,21.875,20506
c1279208004b1200,IC000124,2021-09-02 23:26:48,21.875,20506
c1279208004b1200,IC000124,2021-09-02 23:28:47,21.875,20506
c1279208004b1200,IC000124,2021-09-02 23:30:47,21.875,20506
c1279208004b1200,IC000124,2021-09-02 23:32:46,21.8125,20506
c1279208004b1200,IC000124,2021-09-02 23:34:45,21.8125,20506
c1279208004b1200,IC000124,2021-09-02 23:36:45,21.8125,20461
c1279208004b1200,IC000124,2021-09-02 23:38:44,21.8125,20461
c1279208004b1200,IC000124,2021-09-02 23:40:44,21.8125,20461
c1279208004b1200,IC000124,2021-09-02 23:42:43,21.8125,20461
c1279208004b1200,IC000124,2021-09-02 23:44:42,21.8125,20461
c1279208004b1200,IC000124,2021-09-02 23:44:42,21.8125,20461
c1279208004b1200,IC000124,2021-09-02 23:46:41,21.8125,20416
c1279208004b1200,IC000124,2021-09-02 23:48:41,21.8125,20416
c1279208004b1200,IC000124,2021-09-02 23:50:40,21.75,20416
c1279208004b1200,IC000124,2021-09-02 23:52:40,21.8125,20416
c1279208004b1200,IC000124,2021-09-02 23:54:39,21.8125,20416
c1279208004b1200,IC000124,2021-09-02 23:56:39,21.75,20370
c1279208004b1200,IC000124,2021-09-02 23:58:37,21.75,20370
c1279208004b1200,IC000124,2021-09-03 00:00:36,21.75,20370
c1279208004b1200,IC000124,2021-09-03 00:02:36,21.8125,20370
c1279208004b1200,IC000124,2021-09-03 00:04:35,21.75,20370
c1279208004b1200,IC000124,2021-09-03 00:06:35,21.75,20325
c1279208004b1200,IC000124,2021-09-03 00:08:34,21.8125,20325
c1279208004b1200,IC000124,2021-09-03 00:10:34,21.8125,20325
c1279208004b1200,IC000124,2021-09-03 00:12:34,21.8125,20325
c1279208004b1200,IC000124,2021-09-03 00:14:33,21.875,20281
c1279208004b1200,IC000124,2021-09-03 00:16:32,21.8125,20281
c1279208004b1200,IC000124,2021-09-03 00:18:32,21.8125,20281
c1279208004b1200,IC000124,2021-09-03 00:20:31,21.8125,20281
c1279208004b1200,IC000124,2021-09-03 00:22:31,21.8125,20281
c1279208004b1200,IC000124,2021-09-03 00:24:30,21.8125,20236
c1279208004b1200,IC000124,2021-09-03 00:26:29,21.8125,20236
c1279208004b1200,IC000124,2021-09-03 00:28:29,21.8125,20236
c1279208004b1200,IC000124,2021-09-03 00:30:28,21.75,20236
c1279208004b1200,IC000124,2021-09-03 00:32:28,21.75,20236
c1279208004b1200,IC000124,2021-09-03 00:34:27,21.75,20236
c1279208004b1200,IC000124,2021-09-03 00:36:26,21.75,20236
c1279208004b1200,IC000124,2021-09-03 00:38:26,21.75,20236
c1279208004b1200,IC000124,2021-09-03 00:40:25,21.75,20191
c1279208004b1200,IC000124,2021-09-03 00:42:24,21.75,20191
c1279208004b1200,IC000124,2021-09-03 00:44:24,21.75,20191
c1279208004b1200,IC000124,2021-09-03 00:46:23,21.75,20191
c1279208004b1200,IC000124,2021-09-03 00:48:23,21.75,20191
c1279208004b1200,IC000124,2021-09-03 00:50:22,21.75,20191
c1279208004b1200,IC000124,2021-09-03 00:52:21,21.75,20147
c1279208004b1200,IC000124,2021-09-03 00:54:21,21.75,20147
c1279208004b1200,IC000124,2021-09-03 00:56:20,21.75,20147
c1279208004b1200,IC000124,2021-09-03 00:58:19,21.75,20147
c1279208004b1200,IC000124,2021-09-03 01:00:19,21.75,20102
c1279208004b1200,IC000124,2021-09-03 01:02:18,21.75,20147
c1279208004b1200,IC000124,2021-09-03 01:04:17,21.75,20102
c1279208004b1200,IC000124,2021-09-03 01:06:17,21.75,20102
c1279208004b1200,IC000124,2021-09-03 01:08:16,21.8125,20102
c1279208004b1200,IC000124,2021-09-03 01:10:16,21.8125,20102
c1279208004b1200,IC000124,2021-09-03 01:12:15,21.8125,20102
c1279208004b1200,IC000124,2021-09-03 01:14:14,21.8125,20058
c1279208004b1200,IC000124,2021-09-03 01:16:14,21.8125,20058
c1279208004b1200,IC000124,2021-09-03 01:18:13,21.8125,20058
c1279208004b1200,IC000124,2021-09-03 01:20:12,21.875,20058
c1279208004b1200,IC000124,2021-09-03 01:22:12,21.8125,20058
c1279208004b1200,IC000124,2021-09-03 01:24:11,21.8125,20058
c1279208004b1200,IC000124,2021-09-03 01:26:11,21.8125,20058
c1279208004b1200,IC000124,2021-09-03 01:28:10,21.8125,20058
c1279208004b1200,IC000124,2021-09-03 01:30:09,21.8125,20014
c1279208004b1200,IC000124,2021-09-03 01:32:09,21.8125,20014
c1279208004b1200,IC000124,2021-09-03 01:34:08,21.75,20014
c1279208004b1200,IC000124,2021-09-03 01:36:07,21.75,20014
c1279208004b1200,IC000124,2021-09-03 01:38:07,21.75,20014
c1279208004b1200,IC000124,2021-09-03 01:40:06,21.75,20014
c1279208004b1200,IC000124,2021-09-03 01:42:05,21.75,20014
c1279208004b1200,IC000124,2021-09-03 01:44:05,21.75,20014
c1279208004b1200,IC000124,2021-09-03 01:46:04,21.75,19970
c1279208004b1200,IC000124,2021-09-03 01:48:04,21.75,19970
c1279208004b1200,IC000124,2021-09-03 01:50:03,21.75,19970
c1279208004b1200,IC000124,2021-09-03 01:52:02,21.75,19970
c1279208004b1200,IC000124,2021-09-03 01:54:01,21.75,19970
c1279208004b1200,IC000124,2021-09-03 01:56:01,21.75,19926
c1279208004b1200,IC000124,2021-09-03 01:58:00,21.75,19926
c1279208004b1200,IC000124,2021-09-03 01:59:59,21.8125,19926
c1279208004b1200,IC000124,2021-09-03 02:01:59,21.75,19926
c1279208004b1200,IC000124,2021-09-03 02:03:58,21.75,19883
c1279208004b1200,IC000124,2021-09-03 02:05:57,21.8125,19883
c1279208004b1200,IC000124,2021-09-03 02:07:57,21.8125,19883
c1279208004b1200,IC000124,2021-09-03 02:09:56,21.8125,19883
c1279208004b1200,IC000124,2021-09-03 02:11:56,21.8125,19883
c1279208004b1200,IC000124,2021-09-03 02:13:55,21.8125,19883
c1279208004b1200,IC000124,2021-09-03 02:15:54,21.8125,19883
c1279208004b1200,IC000124,2021-09-03 02:17:54,21.8125,19839
c1279208004b1200,IC000124,2021-09-03 02:19:53,21.8125,19839
c1279208004b1200,IC000124,2021-09-03 02:21:52,21.875,19839
c1279208004b1200,IC000124,2021-09-03 02:23:52,21.875,19839
c1279208004b1200,IC000124,2021-09-03 02:25:51,21.875,19839
c1279208004b1200,IC000124,2021-09-03 02:27:50,21.875,19839
c1279208004b1200,IC000124,2021-09-03 02:29:50,21.8125,19839
c1279208004b1200,IC000124,2021-09-03 02:31:49,21.8125,19839
c1279208004b1200,IC000124,2021-09-03 02:33:48,21.8125,19839
c1279208004b1200,IC000124,2021-09-03 02:35:48,21.75,19839
c1279208004b1200,IC000124,2021-09-03 02:35:48,21.75,19839
c1279208004b1200,IC000124,2021-09-03 02:37:47,21.75,19839
c1279208004b1200,IC000124,2021-09-03 02:39:46,21.75,19839
c1279208004b1200,IC000124,2021-09-03 02:41:45,21.8125,19796
c1279208004b1200,IC000124,2021-09-03 02:43:45,21.75,19796
c1279208004b1200,IC000124,2021-09-03 02:45:44,21.75,19796
c1279208004b1200,IC000124,2021-09-03 02:47:44,21.8125,19796
c1279208004b1200,IC000124,2021-09-03 02:49:43,21.75,19796
c1279208004b1200,IC000124,2021-09-03 02:51:42,21.75,19796
c1279208004b1200,IC000124,2021-09-03 02:53:42,21.75,19752
c1279208004b1200,IC000124,2021-09-03 02:55:41,21.75,19752
c1279208004b1200,IC000124,2021-09-03 02:57:40,21.75,19752
c1279208004b1200,IC000124,2021-09-03 02:59:40,21.8125,19752
c1279208004b1200,IC000124,2021-09-03 03:01:39,21.8125,19752
c1279208004b1200,IC000124,2021-09-03 03:03:38,21.75,19752
c1279208004b1200,IC000124,2021-09-03 03:05:38,21.8125,19709
c1279208004b1200,IC000124,2021-09-03 03:07:37,21.75,19709
c1279208004b1200,IC000124,2021-09-03 03:09:36,21.8125,19709
c1279208004b1200,IC000124,2021-09-03 03:11:36,21.8125,19709
c1279208004b1200,IC000124,2021-09-03 03:13:35,21.8125,19709
c1279208004b1200,IC000124,2021-09-03 03:15:34,21.8125,19709
c1279208004b1200,IC000124,2021-09-03 03:17:34,21.8125,19709
c1279208004b1200,IC000124,2021-09-03 03:19:33,21.8125,19666
c1279208004b1200,IC000124,2021-09-03 03:21:32,21.8125,19666
c1279208004b1200,IC000124,2021-09-03 03:23:32,21.8125,19666
c1279208004b1200,IC000124,2021-09-03 03:25:31,21.8125,19666
c1279208004b1200,IC000124,2021-09-03 03:27:30,21.8125,19666
c1279208004b1200,IC000124,2021-09-03 03:29:30,21.8125,19666
c1279208004b1200,IC000124,2021-09-03 03:31:29,21.8125,19666
c1279208004b1200,IC000124,2021-09-03 03:33:29,21.8125,19666
c1279208004b1200,IC000124,2021-09-03 03:35:28,21.8125,19666
c1279208004b1200,IC000124,2021-09-03 03:37:27,21.8125,19666
c1279208004b1200,IC000124,2021-09-03 03:39:27,21.75,19666
c1279208004b1200,IC000124,2021-09-03 03:41:26,21.75,19623
c1279208004b1200,IC000124,2021-09-03 03:43:25,21.75,19623
c1279208004b1200,IC000124,2021-09-03 03:45:25,21.75,19623
c1279208004b1200,IC000124,2021-09-03 03:47:24,21.75,19623
c1279208004b1200,IC000124,2021-09-03 03:47:24,21.75,19623
c1279208004b1200,IC000124,2021-09-03 03:49:23,21.75,19623
c1279208004b1200,IC000124,2021-09-03 03:51:23,21.75,19623
c1279208004b1200,IC000124,2021-09-03 03:53:22,21.75,19623
c1279208004b1200,IC000124,2021-09-03 03:55:21,21.75,19623
c1279208004b1200,IC000124,2021-09-03 03:57:21,21.75,19623
c1279208004b1200,IC000124,2021-09-03 03:59:20,21.75,19623
c1279208004b1200,IC000124,2021-09-03 04:01:19,21.75,19580
c1279208004b1200,IC000124,2021-09-03 04:03:19,21.75,19580
c1279208004b1200,IC000124,2021-09-03 04:05:18,21.75,19580
c1279208004b1200,IC000124,2021-09-03 04:07:17,21.8125,19580
c1279208004b1200,IC000124,2021-09-03 04:09:17,21.8125,19580
c1279208004b1200,IC000124,2021-09-03 04:11:16,21.8125,19538
c1279208004b1200,IC000124,2021-09-03 04:11:16,21.8125,19538
c1279208004b1200,IC000124,2021-09-03 04:13:14,21.8125,19538
c1279208004b1200,IC000124,2021-09-03 04:15:15,21.8125,19538
c1279208004b1200,IC000124,2021-09-03 04:17:13,21.8125,19538
c1279208004b1200,IC000124,2021-09-03 04:19:12,21.8125,19538
c1279208004b1200,IC000124,2021-09-03 04:21:12,21.8125,19538
c1279208004b1200,IC000124,2021-09-03 04:23:11,21.875,19538
c1279208004b1200,IC000124,2021-09-03 04:25:10,21.8125,19538
c1279208004b1200,IC000124,2021-09-03 04:27:10,21.8125,19538
c1279208004b1200,IC000124,2021-09-03 04:29:10,21.8125,19495
c1279208004b1200,IC000124,2021-09-03 04:31:09,21.8125,19538
c1279208004b1200,IC000124,2021-09-03 04:33:09,21.8125,19495
c1279208004b1200,IC000124,2021-09-03 04:35:08,21.8125,19495
c1279208004b1200,IC000124,2021-09-03 04:37:28,21.8125,19495
c1279208004b1200,IC000124,2021-09-03 04:39:28,21.8125,19495
c1279208004b1200,IC000124,2021-09-03 04:41:27,21.75,19495
c1279208004b1200,IC000124,2021-09-03 04:43:26,21.75,19495
c1279208004b1200,IC000124,2021-09-03 04:45:26,21.75,19495
c1279208004b1200,IC000124,2021-09-03 04:47:25,21.75,19495
c1279208004b1200,IC000124,2021-09-03 04:49:24,21.75,19495
c1279208004b1200,IC000124,2021-09-03 04:51:24,21.75,19453
c1279208004b1200,IC000124,2021-09-03 04:53:23,21.75,19495
c1279208004b1200,IC000124,2021-09-03 04:55:22,21.75,19453
c1279208004b1200,IC000124,2021-09-03 04:57:22,21.75,19453
c1279208004b1200,IC000124,2021-09-03 04:59:21,21.75,19453
c1279208004b1200,IC000124,2021-09-03 05:01:20,21.75,19453
c1279208004b1200,IC000124,2021-09-03 05:03:20,21.75,19453
c1279208004b1200,IC000124,2021-09-03 05:05:19,21.75,19453
c1279208004b1200,IC000124,2021-09-03 05:07:18,21.75,19410
c1279208004b1200,IC000124,2021-09-03 05:09:18,21.8125,19410
c1279208004b1200,IC000124,2021-09-03 05:11:17,21.8125,19410
c1279208004b1200,IC000124,2021-09-03 05:13:16,21.8125,19410
c1279208004b1200,IC000124,2021-09-03 05:15:16,21.75,19410
c1279208004b1200,IC000124,2021-09-03 05:17:15,21.8125,19410
c1279208004b1200,IC000124,2021-09-03 05:19:14,21.8125,19410
c1279208004b1200,IC000124,2021-09-03 05:21:14,21.8125,19368
c1279208004b1200,IC000124,2021-09-03 05:23:13,21.8125,19410
c1279208004b1200,IC000124,2021-09-03 05:25:12,21.75,19368
c1279208004b1200,IC000124,2021-09-03 05:27:12,21.8125,19368
c1279208004b1200,IC000124,2021-09-03 05:29:11,21.8125,19368
c1279208004b1200,IC000124,2021-09-03 05:31:10,21.8125,19368
c1279208004b1200,IC000124,2021-09-03 05:33:10,21.8125,19368
c1279208004b1200,IC000124,2021-09-03 05:35:09,21.8125,19368
c1279208004b1200,IC000124,2021-09-03 05:37:09,21.8125,19368
c1279208004b1200,IC000124,2021-09-03 05:39:08,21.8125,19368
c1279208004b1200,IC000124,2021-09-03 05:41:07,21.8125,19326
c1279208004b1200,IC000124,2021-09-03 05:43:06,21.8125,19368
c1279208004b1200,IC000124,2021-09-03 05:45:06,21.8125,19326
c1279208004b1200,IC000124,2021-09-03 05:47:05,21.8125,19326
c1279208004b1200,IC000124,2021-09-03 05:49:04,21.8125,19326
c1279208004b1200,IC000124,2021-09-03 05:51:04,21.8125,19326
c1279208004b1200,IC000124,2021-09-03 05:53:03,21.8125,19326
c1279208004b1200,IC000124,2021-09-03 05:55:03,21.75,19326
c1279208004b1200,IC000124,2021-09-03 05:57:02,21.75,19326
c1279208004b1200,IC000124,2021-09-03 05:57:02,21.75,19326
c1279208004b1200,IC000124,2021-09-03 05:59:01,21.8125,19326
c1279208004b1200,IC000124,2021-09-03 06:01:00,21.8125,19326
c1279208004b1200,IC000124,2021-09-03 06:03:00,21.8125,19284
c1279208004b1200,IC000124,2021-09-03 06:04:59,21.75,19284
c1279208004b1200,IC000124,2021-09-03 06:06:59,21.75,19284
c1279208004b1200,IC000124,2021-09-03 06:08:58,21.8125,19284
c1279208004b1200,IC000124,2021-09-03 06:10:57,21.8125,19284
c1279208004b1200,IC000124,2021-09-03 06:12:57,21.8125,19284
c1279208004b1200,IC000124,2021-09-03 06:14:56,21.8125,19284
c1279208004b1200,IC000124,2021-09-03 06:16:55,21.8125,19242
c1279208004b1200,IC000124,2021-09-03 06:18:55,21.8125,19242
c1279208004b1200,IC000124,2021-09-03 06:20:54,21.8125,19242
c1279208004b1200,IC000124,2021-09-03 06:22:53,21.8125,19242
c1279208004b1200,IC000124,2021-09-03 06:24:53,21.8125,19242
c1279208004b1200,IC000124,2021-09-03 06:26:52,21.8125,19242
c1279208004b1200,IC000124,2021-09-03 06:28:51,21.875,19242
c1279208004b1200,IC000124,2021-09-03 06:30:50,21.875,19242
c1279208004b1200,IC000124,2021-09-03 06:32:50,21.875,19242
c1279208004b1200,IC000124,2021-09-03 06:34:49,21.8125,19201
c1279208004b1200,IC000124,2021-09-03 06:36:49,21.875,19201
c1279208004b1200,IC000124,2021-09-03 06:38:48,21.875,19201
c1279208004b1200,IC000124,2021-09-03 06:40:47,21.875,19201
c1279208004b1200,IC000124,2021-09-03 06:42:47,21.9375,19201
c1279208004b1200,IC000124,2021-09-03 06:44:46,21.9375,19201
c1279208004b1200,IC000124,2021-09-03 06:46:45,21.875,19201
c1279208004b1200,IC000124,2021-09-03 06:48:45,21.875,19201
c1279208004b1200,IC000124,2021-09-03 06:50:44,21.875,19159
c1279208004b1200,IC000124,2021-09-03 06:52:43,21.875,19159
c1279208004b1200,IC000124,2021-09-03 06:54:43,21.8125,19159
c1279208004b1200,IC000124,2021-09-03 06:56:42,21.8125,19159
c1279208004b1200,IC000124,2021-09-03 06:58:41,21.875,19159
c1279208004b1200,IC000124,2021-09-03 07:00:41,21.875,19159
c1279208004b1200,IC000124,2021-09-03 07:02:40,21.875,19159
c1279208004b1200,IC000124,2021-09-03 07:04:39,21.8125,19159
c1279208004b1200,IC000124,2021-09-03 07:06:39,21.8125,19118
c1279208004b1200,IC000124,2021-09-03 07:08:38,21.8125,19118
c1279208004b1200,IC000124,2021-09-03 07:10:37,21.8125,19118
c1279208004b1200,IC000124,2021-09-03 07:12:37,21.8125,19118
c1279208004b1200,IC000124,2021-09-03 07:14:36,21.8125,19118
c1279208004b1200,IC000124,2021-09-03 07:16:35,21.8125,19118
c1279208004b1200,IC000124,2021-09-03 07:18:34,21.8125,19118
c1279208004b1200,IC000124,2021-09-03 07:20:34,21.875,19118
c1279208004b1200,IC000124,2021-09-03 07:22:33,21.875,19076
c1279208004b1200,IC000124,2021-09-03 07:24:32,21.8125,19076
c1279208004b1200,IC000124,2021-09-03 07:26:32,21.875,19076
c1279208004b1200,IC000124,2021-09-03 07:28:31,21.8125,19076
c1279208004b1200,IC000124,2021-09-03 07:30:30,21.875,19076
c1279208004b1200,IC000124,2021-09-03 07:30:30,21.875,19076
c1279208004b1200,IC000124,2021-09-03 07:32:30,21.875,19076
c1279208004b1200,IC000124,2021-09-03 07:34:29,21.875,19076
c1279208004b1200,IC000124,2021-09-03 07:36:28,21.875,19035
c1279208004b1200,IC000124,2021-09-03 07:38:28,21.875,19035
c1279208004b1200,IC000124,2021-09-03 07:40:27,21.875,19035
c1279208004b1200,IC000124,2021-09-03 07:42:26,21.9375,19035
c1279208004b1200,IC000124,2021-09-03 07:44:26,21.9375,19035
c1279208004b1200,IC000124,2021-09-03 07:46:25,21.9375,19035
c1279208004b1200,IC000124,2021-09-03 07:48:24,21.875,19035
c1279208004b1200,IC000124,2021-09-03 07:48:24,21.875,19035
c1279208004b1200,IC000124,2021-09-03 07:50:24,21.9375,19035
c1279208004b1200,IC000124,2021-09-03 07:52:23,21.875,18994
c1279208004b1200,IC000124,2021-09-03 07:54:22,21.875,18994
c1279208004b1200,IC000124,2021-09-03 07:56:22,21.875,18994
c1279208004b1200,IC000124,2021-09-03 07:58:21,21.8125,18994
c1279208004b1200,IC000124,2021-09-03 08:00:21,21.875,18994
c1279208004b1200,IC000124,2021-09-03 08:02:20,21.875,18994
c1279208004b1200,IC000124,2021-09-03 08:04:19,21.875,18994
c1279208004b1200,IC000124,2021-09-03 08:06:19,21.875,18994
c1279208004b1200,IC000124,2021-09-03 08:08:18,21.875,18953
c1279208004b1200,IC000124,2021-09-03 08:10:17,21.875,18953
c1279208004b1200,IC000124,2021-09-03 08:12:17,21.875,18953
c1279208004b1200,IC000124,2021-09-03 08:14:16,21.8125,18953
c1279208004b1200,IC000124,2021-09-03 08:16:15,21.875,18953
c1279208004b1200,IC000124,2021-09-03 08:18:15,21.875,18953
c1279208004b1200,IC000124,2021-09-03 08:20:14,21.875,18953
c1279208004b1200,IC000124,2021-09-03 08:22:13,21.875,18953
c1279208004b1200,IC000124,2021-09-03 08:24:13,21.875,18912
c1279208004b1200,IC000124,2021-09-03 08:26:12,21.875,18912
c1279208004b1200,IC000124,2021-09-03 08:28:11,21.875,18912
c1279208004b1200,IC000124,2021-09-03 08:30:10,21.875,18912
c1279208004b1200,IC000124,2021-09-03 08:32:09,21.9375,18912
c1279208004b1200,IC000124,2021-09-03 08:34:08,21.9375,18912
c1279208004b1200,IC000124,2021-09-03 08:36:07,21.875,18912
c1279208004b1200,IC000124,2021-09-03 08:38:07,21.8125,18912
c1279208004b1200,IC000124,2021-09-03 08:40:06,21.875,18912
c1279208004b1200,IC000124,2021-09-03 08:42:05,21.9375,18871
c1279208004b1200,IC000124,2021-09-03 08:44:05,21.9375,18871
c1279208004b1200,IC000124,2021-09-03 08:46:05,21.9375,18871
c1279208004b1200,IC000124,2021-09-03 08:48:04,21.9375,18871
c1279208004b1200,IC000124,2021-09-03 08:50:04,21.9375,18830
c1279208004b1200,IC000124,2021-09-03 08:52:03,21.875,18830
c1279208004b1200,IC000124,2021-09-03 08:54:02,21.875,18830
c1279208004b1200,IC000124,2021-09-03 08:56:02,21.9375,18830
c1279208004b1200,IC000124,2021-09-03 08:58:01,21.9375,18830
c1279208004b1200,IC000124,2021-09-03 09:00:00,21.9375,18830
c1279208004b1200,IC000124,2021-09-03 09:02:00,21.875,18830
c1279208004b1200,IC000124,2021-09-03 09:03:59,21.875,18830
c1279208004b1200,IC000124,2021-09-03 09:05:58,21.8125,18830
c1279208004b1200,IC000124,2021-09-03 09:07:58,21.875,18830
c1279208004b1200,IC000124,2021-09-03 09:09:57,21.9375,18790
c1279208004b1200,IC000124,2021-09-03 09:11:56,21.9375,18790
c1279208004b1200,IC000124,2021-09-03 09:13:56,21.9375,18790
c1279208004b1200,IC000124,2021-09-03 09:15:55,21.9375,18790
c1279208004b1200,IC000124,2021-09-03 09:17:54,21.875,18790
c1279208004b1200,IC000124,2021-09-03 09:19:54,21.875,18790
c1279208004b1200,IC000124,2021-09-03 09:21:53,21.875,18790
c1279208004b1200,IC000124,2021-09-03 09:23:52,21.8125,18750
c1279208004b1200,IC000124,2021-09-03 09:25:52,21.875,18750
c1279208004b1200,IC000124,2021-09-03 09:27:51,21.9375,18750
c1279208004b1200,IC000124,2021-09-03 09:29:50,21.9375,18750
c1279208004b1200,IC000124,2021-09-03 09:31:50,21.9375,18750
c1279208004b1200,IC000124,2021-09-03 09:33:49,21.9375,18709
c1279208004b1200,IC000124,2021-09-03 09:35:48,22.0,18750
c1279208004b1200,IC000124,2021-09-03 09:37:48,21.9375,18709
c1279208004b1200,IC000124,2021-09-03 09:39:47,21.9375,18709
c1279208004b1200,IC000124,2021-09-03 09:41:46,21.9375,18709
c1279208004b1200,IC000124,2021-09-03 09:43:46,22.0,18709
c1279208004b1200,IC000124,2021-09-03 09:45:45,22.0,18709
c1279208004b1200,IC000124,2021-09-03 09:47:44,21.9375,18709
c1279208004b1200,IC000124,2021-09-03 09:49:43,22.0,18669
c1279208004b1200,IC000124,2021-09-03 09:51:43,22.0,18669
c1279208004b1200,IC000124,2021-09-03 09:53:42,22.0,18669
c1279208004b1200,IC000124,2021-09-03 09:55:41,21.9375,18669
c1279208004b1200,IC000124,2021-09-03 09:57:41,21.9375,18669
c1279208004b1200,IC000124,2021-09-03 09:59:40,22.0,18669
c1279208004b1200,IC000124,2021-09-03 10:01:39,21.9375,18669
c1279208004b1200,IC000124,2021-09-03 10:03:39,21.9375,18669
c1279208004b1200,IC000124,2021-09-03 10:05:38,21.9375,18669
c1279208004b1200,IC000124,2021-09-03 10:07:38,22.0,18629
c1279208004b1200,IC000124,2021-09-03 10:09:37,22.0,18629
c1279208004b1200,IC000124,2021-09-03 10:11:36,21.9375,18629
c1279208004b1200,IC000124,2021-09-03 10:13:36,21.9375,18629
c1279208004b1200,IC000124,2021-09-03 10:15:35,22.0,18629
c1279208004b1200,IC000124,2021-09-03 10:17:34,21.9375,18589
c1279208004b1200,IC000124,2021-09-03 10:19:34,21.9375,18629
c1279208004b1200,IC000124,2021-09-03 10:21:33,21.9375,18589
c1279208004b1200,IC000124,2021-09-03 10:23:32,21.9375,18589
c1279208004b1200,IC000124,2021-09-03 10:25:32,21.9375,18589
c1279208004b1200,IC000124,2021-09-03 10:27:31,21.9375,18589
c1279208004b1200,IC000124,2021-09-03 10:29:31,21.9375,18589
c1279208004b1200,IC000124,2021-09-03 10:31:30,22.0,18589
c1279208004b1200,IC000124,2021-09-03 10:33:29,22.0,18549
c1279208004b1200,IC000124,2021-09-03 10:35:01,22.0625,18549
